"colony","hive","cca","date","doy","adult_num_low","adult_num_mean","adult_num_high","honey_kg_low","honey_kg_mean","honey_kg_high","pupae_num_low","pupae_num_mean","pupae_num_high"
"LSCFS_2013_1","A","CCA4",2013-07-17,198,3099.096,3893.4535,10886.003,2.800567296,2.555716352,7.912,7150.212,15390.13,37930.472
"LSCFS_2013_1","A","CCA5",2013-08-14,226,4958.415,3402.2925,11763,0.131276592,2.600361704,5.332,7995.936,16569.964,41135.864
"LSCFS_2013_1","A","CCA6",2013-09-10,253,3680.523,2506.8205,8694.164,2.538014112,3.546992944,9.632,5843.184,7763.048,21369.28
"LSCFS_2013_1","A","CCA7",2013-10-16,289,3912.678,3121.356,10155.39,2.231702064,6.194148968,14.62,1614.564,4401.48,10417.524
"LSCFS_2013_1","A","CCA8",2014-03-22,81,6081.768,5032.455,16146.678,1.445488,2.803256,7.052,5689.416,12915.136,31519.688
"LSCFS_2013_1","B","CCA4",2013-07-17,198,3796.254,2266.6285,8329.511,2.100425472,1.443787264,4.988,6688.908,14285.202,35259.312
"LSCFS_2013_1","B","CCA5",2013-08-14,226,3796.254,4165.6995,12127.653,1.487801376,1.793099312,5.074,0,8814.828,17629.656
"LSCFS_2013_1","B","CCA6",2013-09-10,253,2401.938,3329.093,9060.124,2.756808432,3.093595784,8.944,5843.184,8965.07,23773.324
"LSCFS_2013_1","B","CCA7",2013-10-16,289,2363.13,2763.6145,7890.359,3.194397072,4.207801464,11.61,1845.216,2282.784,6410.784
"LSCFS_2013_1","B","CCA8",2014-03-22,81,5539.842,2454.158,10448.158,3.219496,2.604252,8.428,4843.692,5992.308,16828.308
"LSCFS_2013_1","C","CCA4",2013-07-17,198,2750.517,2679.709,8109.935,2.012907744,3.723546128,9.46,7303.98,17583.732,42471.444
"LSCFS_2013_1","D","CCA4",2013-07-17,198,3486.483,4576.757,12639.997,3.369432528,3.647283736,10.664,2460.288,15598.164,33656.616
"LSCFS_2013_1","D","CCA5",2013-08-14,226,6585.579,5401.3745,17388.328,1.0939716,2.3770142,5.848,8687.892,17426.008,43539.908
"LSCFS_2013_1","D","CCA6",2013-09-10,253,7437.969,3440.7615,14319.492,4.769716176,6.000141912,16.77,8380.356,12638.13,33656.616
"LSCFS_2013_1","D","CCA7",2013-10-16,289,2014.551,892.449,3799.449,6.388794144,3.083602928,12.556,1230.144,1521.856,4273.856
"LSCFS_2013_1","E","CCA4",2013-07-17,198,4820.508,6101.5835,17023.675,2.888085024,2.855957488,8.6,7073.328,12490.296,32053.92
"LSCFS_2013_1","E","CCA5",2013-08-14,226,10149.678,5774.568,21698.814,1.006453872,2.076773064,5.16,10994.412,14402.936,39800.284
"LSCFS_2013_1","E","CCA6",2013-09-10,253,2440.746,7912.2895,18265.325,6.388794144,3.900602928,14.19,6458.256,13332.064,33122.384
"LSCFS_2013_1","E","CCA7",2013-10-16,289,3525.291,5287.966,14101.223,4.025815488,3.663092256,11.352,2844.708,4053.524,10951.756
"LSCFS_2013_1","E","CCA8",2014-03-22,81,4183.641,1926.551,8036.743,1.051264,1.022368,3.096,4305.504,6795.634,17896.772
"LSCFS_2013_1","F","CCA4",2013-07-17,198,5694.381,6248.876,18192.133,2.100425472,4.238787264,10.578,5074.344,11352.86,27780.064
"LSCFS_2013_1","F","CCA5",2013-08-14,226,8871.093,4880.096,18631.285,1.050212736,2.355893632,5.762,9379.848,12539.058,34457.964
"LSCFS_2013_1","F","CCA6",2013-09-10,253,6546.771,9512.342,25571.455,1.706595696,2.328702152,6.364,7150.212,13653.876,34457.964
"LSCFS_2013_1","F","CCA7",2013-10-16,289,2556.477,2740.133,8036.743,0.743900688,3.412049656,7.568,1537.68,3104.342,7746.364
"LSCFS_2013_1","F","CCA8",2014-03-22,81,2363.13,1046.87,4456.87,1.281228,1.036386,3.354,2460.288,3043.712,8547.712
"LSCFS_2013_1","G","CCA4",2013-07-17,198,2053.359,6279.4505,14612.26,4.550921856,3.658539072,11.868,0,19232.352,38464.704
"LSCFS_2013_1","G","CCA5",2013-08-14,226,4803.876,6949.647,18703.17,1.619077968,2.888461016,7.396,6535.14,15029.876,36594.892
"LSCFS_2013_1","G","CCA6",2013-09-10,253,4609.836,5220.1345,15050.105,2.494255248,2.020872376,6.536,8841.66,15212.196,39266.052
"LSCFS_2013_1","G","CCA7",2013-10-16,289,2982.672,3586.359,10155.39,2.231702064,1.292148968,4.816,2075.868,6574.872,15225.612
"LSCFS_2013_1","G","CCA8",2014-03-22,81,2479.554,1098.446,4676.446,1.346932,1.089534,3.526,2229.636,2758.364,7746.364
"LSCFS_2013_1","H","CCA4",2013-07-17,198,1975.743,8254.579,18484.901,2.450496384,2.257751808,6.966,1998.984,16363.048,34725.08
"LSCFS_2013_1","H","CCA5",2013-08-14,226,1200.969,7838.161,16877.291,2.012907744,1.272546128,4.558,384.42,17838.12,36060.66
"LSCFS_2013_1","H","CCA6",2013-09-10,253,6856.542,3037.458,12931.458,8.401701888,4.055149056,16.512,8841.66,10938.34,30718.34
"LSCFS_2013_1","H","CCA7",2013-10-16,289,5888.421,2608.579,11105.579,8.139148704,3.928425648,15.996,2075.868,2568.132,7212.132
"LSCFS_2013_1","H","CCA8",2014-03-22,81,6663.195,2951.805,12566.805,0.722744,0.584628,1.892,6919.56,8560.44,24040.44
"LSCFS_2013_1","I","CCA4",2013-07-17,198,4687.452,2076.548,8840.548,5.163545952,2.492227024,10.148,8303.472,10272.528,28848.528
"LSCFS_2013_1","I","CCA4",2013-07-18,199,4222.449,1870.551,7963.551,3.850780032,1.858609984,7.568,5843.184,7228.816,20300.816
"LSCFS_2013_1","I","CCA5",2013-08-14,226,7554.393,3346.607,14247.607,3.06312048,1.47843976,6.02,9687.384,11984.616,33656.616
"LSCFS_2013_1","I","CCA5",2013-08-15,227,6895.35,3054.65,13004.65,2.144184336,1.034907832,4.214,8072.82,9987.18,28047.18
"LSCFS_2013_1","I","CCA6",2013-09-10,253,9336.096,4135.904,17607.904,5.776170048,2.787914976,11.352,10148.688,12555.312,35259.312
"LSCFS_2013_1","I","CCA6",2013-09-11,254,7786.548,3449.452,14685.452,7.87659552,3.80170224,15.48,7842.168,9701.832,27245.832
"LSCFS_2013_1","I","CCA7",2013-10-16,289,6546.771,4507.839,15562.449,6.695106192,4.736446904,16.168,2306.52,6993.778,16294.076
"LSCFS_2013_1","I","CCA8",2014-03-22,81,5306.994,3848.828,13004.65,1.018412,3.704794,8.428,2614.056,13517.91,29649.876
"LSCFS_2013_1","J","CCA4",2013-07-17,198,2828.133,1983.48,6795.093,2.669290704,4.083354648,10.836,4689.924,9274.584,23239.092
"LSCFS_2013_1","J","CCA5",2013-08-14,226,4765.068,5837.189,16439.446,0.700141824,3.949929088,8.6,6688.908,14819.434,36327.776
"LSCFS_2013_1","J","CCA6",2013-09-10,253,4338.873,2798.4705,9935.814,5.951205504,3.947397248,13.846,7995.936,11361.202,30718.34
"LSCFS_2013_1","J","CCA7",2013-10-16,289,4106.025,2257.4735,8620.972,5.25106368,4.94246816,15.136,2075.868,3102.364,8280.596
"LSCFS_2013_1","J","CCA8",2014-03-22,81,735.966,8217.0465,17170.059,2.95668,2.99366,8.944,0,13756.474,27512.948
"LSCFS_2013_1","K","CCA4",2013-07-17,198,4493.412,1990.588,8474.588,1.0939716,0.5280142,2.15,8764.776,10843.224,30451.224
"LSCFS_2013_1","K","CCA4",2013-07-18,199,8212.743,3638.257,15489.257,1.925390016,0.929304992,3.784,6996.444,8655.556,24307.556
"LSCFS_2013_1","K","CCA5",2013-08-14,226,3408.867,1510.133,6429.133,3.106879344,1.499560328,6.106,0,0,0
"LSCFS_2013_1","K","CCA5",2013-08-15,227,9413.712,4170.288,17754.288,1.662836832,0.802581584,3.268,7919.052,9796.948,27512.948
"LSCFS_2013_1","K","CCA6",2013-09-10,253,4571.028,2024.972,8620.972,2.100425472,1.013787264,4.128,6842.676,8465.324,23773.324
"LSCFS_2013_1","K","CCA6",2013-09-11,254,5230.071,2316.929,9863.929,4.550921856,2.196539072,8.944,6612.024,8179.976,22971.976
"LSCFS_2013_1","K","CCA7",2013-10-16,289,2363.13,1923.867,6210.864,0.568865232,3.112567384,6.794,1614.564,2130.994,5876.552
"LSCFS_2013_1","L","CCA4",2013-07-17,198,4997.223,2360.161,9717.545,2.012907744,2.906546128,7.826,6073.836,10452.44,26978.716
"LSCFS_2013_1","L","CCA5",2013-08-14,226,4919.607,2837.4675,10594.542,1.837872288,2.091063856,6.02,8072.82,11322.76,30718.34
"LSCFS_2013_1","L","CCA6",2013-09-10,253,4726.26,2203.528,9133.316,6.651347328,4.371326336,15.394,5920.068,13200.484,32321.036
"LSCFS_2013_1","L","CCA7",2013-10-16,289,6237,3310.633,12858.266,9.18936144,4.56431928,18.318,3075.36,5540.894,14157.148
"LSCFS_2013_1","L","CCA8",2014-03-22,81,7437.969,5121.5635,17681.096,3.548016,3.256992,10.062,6612.024,13255.18,33122.384
"LSCFS_2014_1","A","CCA4",2014-07-17,198,11008.305,6613.698,24235.701,19.54392984,12.06303508,43.67,7630.737,11906.427,31443.591
"LSCFS_2014_1","A","CCA5",2014-08-08,220,13226.598,7557.195,28340.988,21.311330004,12.122334998,45.556,7453.278,10300.057,28053.392
"LSCFS_2014_1","A","CCA6",2014-09-09,252,11720.016,8073.2655,27866.547,11.46380472,9.15559764,29.775,9139.362,12231.4495,33602.261
"LSCFS_2014_1","A","CCA7",2014-10-15,288,7869.015,6564.6235,20998.262,8.181126684,9.308186658,26.7975,0,1849.623,3699.246
"LSCFS_2014_1","B","CCA4",2014-07-17,198,10924.452,9931.62,30787.692,7.979123556,16.952188222,41.8835,9671.739,13043.8195,35759.378
"LSCFS_2014_1","B","CCA5",2014-08-08,220,12891.879,8908.6965,30709.272,7.42374216,15.84037892,39.1045,10824.999,14163.0655,39151.13
"LSCFS_2014_1","B","CCA6",2014-09-09,252,3432.429,14033.1355,31498.7,0,10.471,20.942,1952.049,19986.3695,41924.788
"LSCFS_2014_1","B","CCA7",2014-10-15,288,1883.574,11096.99,24077.554,0.555635808,6.421682096,13.399,443.871,8101.368,16646.607
"LSCFS_2014_1","C","CCA4",2014-07-17,198,10799.019,7270.5485,25340.116,11.362803156,11.141598422,33.646,9139.362,12693.467,34526.296
"LSCFS_2014_1","C","CCA5",2014-08-08,220,12515.58,10793.9855,34103.551,14.443223652,11.090138174,36.6235,8518.032,11617.303,31752.638
"LSCFS_2014_1","C","CCA6",2014-09-09,252,10255.014,11016.557,32288.128,8.029751544,10.277124228,28.584,9494.28,14211.884,37918.048
"LSCFS_2014_1","C","CCA7",2014-10-15,288,6194.727,4796.9165,15788.56,5.454084456,3.873207772,13.2005,1508.625,2791.1865,7090.998
"LSCFS_2014_1","C","CCA8",2015-03-18,77,3474.009,1538.991,6551.991,2.047329,1.6560855,5.3595,2484.426,3073.574,8631.574
"LSCFS_2014_1","C","CCA9",2015-04-23,113,14189.868,6286.132,26762.132,4.928755,3.9868725,12.9025,1508.625,1866.375,5241.375
"LSCFS_2014_1","D","CCA4",2014-07-17,198,10464.3,4753.9835,19972.267,13.938215832,13.774142084,41.4865,7985.655,10187.6155,28360.886
"LSCFS_2014_1","D","CCA5",2014-08-08,220,10632.006,6880.921,24393.848,14.796856332,13.394571834,41.586,7009.854,11446.5805,29903.015
"LSCFS_2014_1","D","CCA6",2014-09-09,252,11761.596,7342.121,26445.838,9.393145452,8.503677274,26.4005,7009.854,9134.1635,25278.181
"LSCFS_2014_1","D","CCA7",2014-10-15,288,7869.015,4749.2005,17367.416,9.746778132,9.617110934,28.981,887.295,3101.8515,7090.998
"LSCFS_2014_1","D","CCA8",2015-03-18,77,753.291,333.709,1420.709,9.668038,7.820481,25.309,621.33,768.67,2158.67
"LSCFS_2014_1","D","CCA9",2015-04-23,113,83.853,37.147,158.147,9.023413,7.2990435,23.6215,0,0,0
"LSCFS_2014_1","E","CCA4",2014-07-17,198,10464.3,9016.764,28497.828,12.524193936,7.434403032,27.393,8252.067,14678.467,37609.001
"LSCFS_2014_1","E","CCA5",2014-08-08,220,10004.148,13470.4105,36944.969,11.665807848,7.714846076,27.0955,9227.868,14498.837,38225.542
"LSCFS_2014_1","E","CCA6",2014-09-09,252,10380.447,10519.263,31418.973,7.272112608,3.758193696,14.7885,9050.409,15975.172,41000.753
"LSCFS_2014_1","E","CCA7",2014-10-15,288,9543.303,6241.1305,22025.564,6.514728084,7.660135958,21.835,1774.59,4353.3035,10481.197
"LSCFS_2014_1","E","CCA8",2015-03-18,77,1548.855,686.145,2921.145,0.568798,0.460101,1.489,2395.92,2964.08,8324.08
"LSCFS_2014_1","E","CCA9",2015-04-23,113,8203.734,3634.266,15472.266,2.578118,2.085441,6.749,10381.575,12843.425,36068.425
"LSCFS_2014_1","F","CCA4",2014-07-17,198,9794.862,8483.635,26762.132,8.888137632,11.435931184,31.76,8518.032,11925.5735,32369.179
"LSCFS_2014_1","F","CCA5",2014-08-08,220,13101.165,9277.1875,31655.54,11.211173604,12.259413198,35.73,7808.196,13667.3205,35142.837
"LSCFS_2014_1","F","CCA6",2014-09-09,252,12641.013,7257.9165,27156.846,3.080674908,9.178662546,21.438,10026.657,15024.254,40075.165
"LSCFS_2014_1","F","CCA7",2014-10-15,288,10213.434,6498.136,23209.706,3.232050048,9.351224976,21.9345,887.295,1868.7695,4624.834
"LSCFS_2014_1","G","CCA4",2014-07-17,198,9083.151,13733.552,36550.255,13.98884382,8.38932809,30.7675,4081.557,16147.181,36375.919
"LSCFS_2014_1","G","CCA5",2014-08-08,220,6864.858,15869.347,38603.552,13.332206448,8.419896776,30.172,3016.803,16063.017,35142.837
"LSCFS_2014_1","G","CCA6",2014-09-09,252,3055.437,12761.059,28577.555,9.191142324,5.875428838,20.942,0,18187.9595,36375.919
"LSCFS_2014_1","G","CCA7",2014-10-15,288,1632.708,15879.9175,33392.543,4.999704624,4.894397688,14.7885,532.377,2662.7695,5857.916
"LSCFS_2014_1","G","CCA8",2015-03-18,77,3725.568,1650.432,7026.432,3.184734,2.576133,8.337,2484.426,3073.574,8631.574
"LSCFS_2014_1","G","CCA9",2015-04-23,113,13143.438,5822.562,24788.562,5.687025,4.6002375,14.8875,7985.655,9879.345,27744.345
"LSCFS_2014_1","H","CCA4",2014-07-17,198,9334.017,8042.913,25419.843,7.373114172,13.731942914,34.837,7453.278,13999.303,35451.884
"LSCFS_2014_1","H","CCA5",2014-08-08,220,11887.722,8660.557,29208.836,9.44377344,12.44836328,34.3405,8340.573,12784.591,33909.755
"LSCFS_2014_1","H","CCA6",2014-09-09,252,8999.298,10578.5565,30156.411,2.121032844,9.459983578,21.041,6122.559,12352.2455,30827.05
"LSCFS_2014_1","H","CCA7",2014-10-15,288,2469.852,9264.205,20998.262,0.707010948,7.090244526,14.8875,266.412,1562.67,3391.752
"LSCFS_2014_1","H","CCA8",2015-03-18,77,12389.454,5488.546,23366.546,12.170329,9.8445855,31.8595,5767.641,7135.359,20038.359
"LSCFS_2014_1","H","CCA9",2015-04-23,113,22686.741,10050.259,42787.259,8.568451,6.9310245,22.4305,10647.54,13172.46,36992.46
"LSCFS_2014_1","I","CCA4",2014-07-17,198,14524.587,6434.413,27393.413,14.695854768,7.093072616,28.882,9494.28,11745.72,32985.72
"LSCFS_2014_1","I","CCA5",2014-08-08,220,14231.448,6304.552,26840.552,15.50386728,7.48306636,30.47,10381.575,12843.425,36068.425
"LSCFS_2014_1","I","CCA6",2014-09-09,252,15194.025,6730.975,28655.975,9.999154836,4.826172582,19.6515,11534.835,14270.165,40075.165
"LSCFS_2014_1","I","CCA7",2014-10-15,288,10841.292,4802.708,20446.708,5.858090712,2.827454644,11.513,1153.707,1427.293,4008.293
"LSCFS_2014_1","I","CCA8",2015-03-18,77,7031.871,3115.129,13262.129,3.639696,2.944152,9.528,5146.311,6366.689,17879.689
"LSCFS_2014_1","I","CCA9",2015-04-23,113,15152.445,6712.555,28577.555,8.947586,7.237707,23.423,10204.116,12623.884,35451.884
"LSCFS_2014_1","J","CCA4",2014-07-17,198,8329.86,6610.6315,21551.123,11.817182988,6.795408506,25.408,4880.346,12665.0815,30210.509
"LSCFS_2014_1","J","CCA5",2014-08-08,220,7534.296,6771.8465,21077.989,12.928200192,8.324149904,29.5765,4081.557,14605.8285,33293.214
"LSCFS_2014_1","J","CCA6",2014-09-09,252,9961.875,7215.9865,24393.848,7.92874998,7.99537501,23.9195,6565.983,13826.4095,34218.802
"LSCFS_2014_1","J","CCA7",2014-10-15,288,7702.002,4950.9905,17603.983,5.201707752,3.006896124,11.2155,5678.688,13036.975,31752.638
"LSCFS_2014_1","J","CCA8",2015-03-18,77,334.719,148.281,631.281,0.606616,0.490692,1.588,621.33,768.67,2158.67
"LSCFS_2014_1","J","CCA9",2015-04-23,113,2595.285,1149.715,4894.715,0.341317,0.2760915,0.8935,2928.297,3622.703,10173.703
"LSCFS_2014_1","K","CCA4",2014-07-17,198,10841.292,7249.412,25340.116,6.464100096,7.933699952,22.3315,8340.573,10781.221,29903.015
"LSCFS_2014_1","K","CCA5",2014-08-08,220,10464.3,7675.1285,25814.557,12.423192372,6.839903814,26.103,8340.573,13863.926,36068.425
"LSCFS_2014_1","K","CCA6",2014-09-09,252,13435.884,6584.0505,26603.985,0.606009384,8.480745308,17.5675,9937.704,13835.6485,37609.001
"LSCFS_2014_1","K","CCA7",2014-10-15,288,6781.005,7305.9855,21392.976,0.404006256,6.943996872,14.292,709.836,1802.9755,4315.787
"LSCFS_2014_1","K","CCA8",2015-03-18,77,2846.151,1260.849,5367.849,1.706203,1.3801485,4.4665,1419.672,1756.328,4932.328
"LSCFS_2014_1","K","CCA9",2015-04-23,113,5357.583,2373.417,10104.417,0.947933,0.7667835,2.4815,8074.608,9989.392,28053.392
"LSCFS_2014_1","L","CCA4",2014-07-17,198,6738.732,7327.122,21392.976,8.08012512,7.27443744,22.629,8074.608,11839.015,31752.638
"LSCFS_2014_1","L","CCA5",2014-08-08,220,10338.867,7777.055,25892.977,9.847779696,5.249360152,20.3465,8429.526,12740.1145,33909.755
"LSCFS_2014_1","L","CCA6",2014-09-09,252,11301.444,10650.8355,32603.115,6.817732776,3.588383612,13.9945,8074.608,11839.015,31752.638
"LSCFS_2014_1","L","CCA7",2014-10-15,288,2804.571,8544.638,19893.847,0.656637372,3.095931314,6.8485,532.377,3124.787,6781.951
"LSCFS_2014_2","A","CCA10",2015-04-28,118,5307.687,2351.313,10010.313,1.018412,0.823794,2.666,8303.472,10272.528,28848.528
"LSCFS_2014_2","A","CCA4",2014-07-30,211,13647.942,8190.1915,30028.325,3.238155936,3.669922032,10.578,0,14958.496,29916.992
"LSCFS_2014_2","A","CCA5",2014-08-24,236,12065.823,10724.789,33515.401,5.863687776,3.604156112,13.072,5612.532,15090.506,35793.544
"LSCFS_2014_2","A","CCA6",2014-09-20,263,11751.894,8245.5345,28242.963,4.463404128,3.229297936,10.922,7380.864,13404.992,34190.848
"LSCFS_2014_2","A","CCA7",2014-10-08,281,10705.464,7554.5465,25814.557,1.925390016,2.821304992,7.568,153.768,3929.856,8013.48
"LSCFS_2014_2","A","CCA8",2014-10-28,301,8866.935,6603.494,22073.923,2.450496384,3.375751808,9.202,0,667.79,1335.58
"LSCFS_2014_2","A","CCA9",2015-03-31,90,2329.866,1032.134,4394.134,2.266788,1.833606,5.934,2614.056,3233.944,9081.944
"LSCFS_2014_2","B","CCA4",2014-07-30,211,16118.487,10270.1245,36658.736,3.369432528,2.615283736,8.6,8918.544,11300.572,31519.688
"LSCFS_2014_2","B","CCA5",2014-08-24,236,18454.59,9181.8,36818.19,3.238155936,8.485922032,20.21,5843.184,10300.65,26444.484
"LSCFS_2014_2","B","CCA6",2014-09-20,263,13012.461,8695.4865,30403.434,8.007872112,7.262063944,22.532,691.956,13410.496,27512.948
"LSCFS_2014_2","B","CCA7",2014-10-08,281,8870.4,11021.382,30913.164,3.544467984,4.849766008,13.244,230.652,2676.968,5584.588
"LSCFS_2014_2","B","CCA8",2014-10-28,301,5914.062,7442.1145,20798.291,5.601134592,3.993432704,13.588,0,2804.718,5609.436
"LSCFS_2014_2","C","CCA4",2014-07-30,211,12349.953,10536.979,33423.911,6.257517552,5.041241224,16.34,461.304,12858.032,26177.368
"LSCFS_2014_2","C","CCA5",2014-08-24,236,10781.001,6137.893,23056.787,6.12624096,6.95587952,20.038,8303.472,13878.594,36060.66
"LSCFS_2014_2","C","CCA6",2014-09-20,263,8814.96,4499.0715,17813.103,7.43900688,7.97649656,23.392,4920.576,10361.28,25643.136
"LSCFS_2014_2","C","CCA7",2014-10-08,281,9090.774,6447.1365,21985.047,4.857233904,5.397383048,15.652,538.188,2268.508,5075.204
"LSCFS_2014_2","C","CCA8",2014-10-28,301,6774.075,3305.456,13384.987,5.601134592,4.638432704,14.878,461.304,2574.066,5609.436
"LSCFS_2014_2","D","CCA4",2014-07-30,211,12479.544,5868.9295,24217.403,1.925390016,2.133304992,6.192,8995.428,11796.362,32588.152
"LSCFS_2014_2","D","CCA5",2014-08-24,236,14230.755,7838.0095,29906.774,0.87517728,0.89541136,2.666,10456.224,13069.334,36594.892
"LSCFS_2014_2","D","CCA6",2014-09-20,263,5758.83,8134.674,22028.178,1.487801376,3.685099312,8.858,4382.388,12767.302,29916.992
"LSCFS_2014_2","D","CCA7",2014-10-08,281,4346.496,9468.8545,23284.205,0,1.806,3.612,307.536,4120.088,8547.712
"LSCFS_2014_2","D","CCA8",2014-10-28,301,782.397,4698.2595,10178.916,0.262553184,7.909723408,16.082,76.884,1564.254,3205.392
"LSCFS_2014_2","E","CCA10",2015-04-28,118,6641.019,2941.981,12524.981,2.036824,1.647588,5.332,7765.284,9606.716,26978.716
"LSCFS_2014_2","E","CCA4",2014-07-30,211,10887.03,6899.1395,24685.309,4.81347504,4.51626248,13.846,1307.028,7760.64,16828.308
"LSCFS_2014_2","E","CCA5",2014-08-24,236,8379.756,4183.4175,16746.591,3.369432528,3.862283736,11.094,6688.908,9343.556,25376.02
"LSCFS_2014_2","E","CCA6",2014-09-20,263,3100.482,9457.9665,22016.415,5.207304816,2.900347592,11.008,615.072,7305.27,15225.612
"LSCFS_2014_2","E","CCA7",2014-10-08,281,2323.629,6612.2215,15548.072,2.275460928,3.205269536,8.686,691.956,2725.856,6143.668
"LSCFS_2014_2","E","CCA8",2014-10-28,301,2034.648,2433.8095,6902.267,1.137730464,6.139134768,13.416,615.072,1695.834,4006.74
"LSCFS_2014_2","E","CCA9",2015-03-31,90,2469.159,1093.841,4656.841,3.909388,3.162306,10.234,2075.868,2568.132,7212.132
"LSCFS_2014_2","F","CCA10",2015-04-28,118,3668.742,1625.258,6919.258,1.544044,1.248978,4.042,4689.924,5802.076,16294.076
"LSCFS_2014_2","F","CCA4",2014-07-30,211,11970.882,5329.258,22629.398,1.75035456,5.35982272,12.47,6919.56,11098.042,29115.644
"LSCFS_2014_2","F","CCA5",2014-08-24,236,10647.945,5494.0665,21636.078,2.40673752,4.12863124,10.664,6612.024,10717.578,28047.18
"LSCFS_2014_2","F","CCA6",2014-09-20,263,8118.495,7779.5585,23677.612,2.669290704,2.793354648,8.256,6688.908,11480.484,29649.876
"LSCFS_2014_2","F","CCA7",2014-10-08,281,6803.874,8304.2085,23412.291,1.794113424,1.811943288,5.418,1998.984,6479.756,14958.496
"LSCFS_2014_2","F","CCA8",2014-10-28,301,2615.382,4848.279,12311.94,5.68865232,2.83167384,11.352,76.884,1297.138,2671.16
"LSCFS_2014_2","F","CCA9",2015-03-31,90,1191.96,528.04,2248.04,2.890976,2.338512,7.568,691.956,856.044,2404.044
"LSCFS_2014_2","G","CCA10",2015-04-28,118,16108.092,7135.908,30379.908,5.551988,4.491006,14.534,10686.876,13221.124,37129.124
"LSCFS_2014_2","G","CCA4",2014-07-30,211,7683.984,7996.1605,23676.305,2.62553184,3.20223408,9.03,5996.952,11826.462,29649.876
"LSCFS_2014_2","G","CCA5",2014-08-24,236,10299.366,11216.571,32732.508,2.450496384,1.913751808,6.278,7457.748,12431.644,32321.036
"LSCFS_2014_2","G","CCA6",2014-09-20,263,8190.567,8938.1205,26066.808,1.575319104,3.770340448,9.116,4305.504,8398.33,21102.164
"LSCFS_2014_2","G","CCA7",2014-10-08,281,4881.492,7975.3905,20832.273,1.53156024,4.30821988,10.148,1076.376,1732.298,4540.972
"LSCFS_2014_2","G","CCA8",2014-10-28,301,1909.215,6340.413,14590.041,1.356524784,5.513737608,12.384,230.652,953.138,2136.928
"LSCFS_2014_2","G","CCA9",2015-03-31,90,6288.282,2785.718,11859.718,0.722744,0.584628,1.892,5612.532,6943.468,19499.468
"LSCFS_2014_2","H","CCA4",2014-07-30,211,9205.119,7702.192,24609.503,4.900992768,5.074503616,15.05,6073.836,8983.302,24040.44
"LSCFS_2014_2","H","CCA5",2014-08-24,236,10966.032,6743.3155,24452.663,6.082482096,6.074758952,18.232,8226.588,10444.528,29115.644
"LSCFS_2014_2","H","CCA6",2014-09-20,263,6728.337,6037.0825,18802.502,5.68865232,6.70167384,19.092,0,4140.298,8280.596
"LSCFS_2014_2","H","CCA7",2014-10-08,281,4657.653,2529.2925,9716.238,3.325673664,5.131163168,13.588,2306.52,3654.828,9616.176
"LSCFS_2014_2","H","CCA8",2014-10-28,301,3182.256,1910.9785,7004.213,2.100425472,3.808787264,9.718,768.84,1351.834,3472.508
"LSCFS_2014_2","I","CCA4",2014-07-30,211,8711.703,4280.151,17272.005,4.069574352,2.867212824,9.804,5151.228,9177.49,23506.208
"LSCFS_2014_2","I","CCA5",2014-08-24,236,11185.713,5036.9745,21259.662,3.06312048,4.48843976,12.04,5920.068,11464.23,28848.528
"LSCFS_2014_2","I","CCA6",2014-09-20,263,9289.665,4183.299,17656.263,6.520070736,5.339964632,17.2,4305.504,9066.12,22437.744
"LSCFS_2014_2","I","CCA7",2014-10-08,281,6385.995,4597.376,15580.747,4.638439584,4.990780208,14.62,922.608,3278.32,7479.248
"LSCFS_2014_2","I","CCA8",2014-10-28,301,1501.038,1279.252,4059.542,1.794113424,6.068943288,13.932,76.884,2232.044,4540.972
"LSCFS_2014_2","J","CCA4",2014-07-30,211,6162.849,4028.002,14218.853,2.144184336,3.356907832,8.858,0,11085.314,22170.628
"LSCFS_2014_2","J","CCA5",2014-08-24,236,3410.253,6225.7495,15861.752,2.538014112,5.868992944,14.276,2460.288,12526.33,27512.948
"LSCFS_2014_2","J","CCA6",2014-09-20,263,7735.266,3426.734,14588.734,3.413191392,1.647404304,6.708,2614.056,3233.944,9081.944
"LSCFS_2014_2","J","CCA7",2014-10-08,281,3185.028,1410.972,6006.972,2.1879432,1.0560284,4.3,2075.868,2568.132,7212.132
"LSCFS_2014_2","J","CCA8",2014-10-28,301,2176.713,964.287,4105.287,2.144184336,1.034907832,4.214,691.956,856.044,2404.044
"LSCFS_2014_2","K","CCA4",2014-07-30,211,6255.711,4451.4375,15158.586,3.106879344,2.015560328,7.138,1537.68,8713.778,18965.236
"LSCFS_2014_2","K","CCA5",2014-08-24,236,6833.673,5000.897,16835.467,3.238155936,2.078922032,7.396,4151.736,9677.236,23506.208
"LSCFS_2014_2","K","CCA6",2014-09-20,263,2727.648,5047.011,12821.67,0.87517728,1.75541136,4.386,538.188,2001.392,4540.972
"LSCFS_2014_2","K","CCA7",2014-10-08,281,3036.726,1828.2105,6693.147,0.262553184,1.201723408,2.666,0,2804.718,5609.436
"LSCFS_2014_2","K","CCA8",2014-10-28,301,2052.666,909.334,3871.334,1.575319104,0.760340448,3.096,768.84,951.16,2671.16
"LSCFS_2014_2","L","CCA10",2015-04-28,118,12015.927,5323.073,22662.073,3.383756,2.737122,8.858,11071.296,13696.704,38464.704
"LSCFS_2014_2","L","CCA4",2014-07-30,211,10965.339,6590.0895,24145.518,1.794113424,1.381943288,4.558,7611.516,10351.39,28314.296
"LSCFS_2014_2","L","CCA5",2014-08-24,236,10694.376,9917.265,30528.906,1.794113424,2.456943288,6.708,8918.544,14639.522,38197.588
"LSCFS_2014_2","L","CCA6",2014-09-20,263,9323.622,5484.43,20292.482,0.743900688,0.488049656,1.72,6842.676,14208.318,35259.312
"LSCFS_2014_2","L","CCA7",2014-10-08,281,6201.657,5249.5945,16700.846,1.53156024,1.04021988,3.612,76.884,2365.602,4808.088
"LSCFS_2014_2","L","CCA8",2014-10-28,301,2736.657,4285.7535,11308.164,4.638439584,4.732780208,14.104,153.768,190.232,534.232
"LSCFS_2014_2","L","CCA9",2015-03-31,90,4481.631,1985.369,8452.369,1.741156,1.408422,4.558,5612.532,6943.468,19499.468
"LSCFS_2015_1","A","CCA10",2016-04-20,111,16076.907,8253.955,32584.817,7.457404,6.290298,20.038,3997.968,5480.264,14958.496
"LSCFS_2015_1","A","CCA4",2015-07-20,201,14643.09,7802.4055,30247.901,12.47127624,8.42736188,29.326,7457.748,14835.688,37129.124
"LSCFS_2015_1","A","CCA5",2015-08-12,224,12977.811,8378.873,29735.557,11.639857824,9.875071088,31.39,8226.588,13783.478,35793.544
"LSCFS_2015_1","A","CCA6",2015-09-11,254,8793.477,3932.119,16657.715,15.709432176,9.560283912,34.83,4766.808,6164.308,17095.424
"LSCFS_2015_1","A","CCA7",2015-10-07,280,8987.517,5150.5945,19288.706,13.915318752,7.533340624,28.982,1460.796,3543.458,8547.712
"LSCFS_2015_1","A","CCA8",2015-10-23,296,6817.734,3970.455,14758.644,17.416027872,8.448986064,34.314,1614.564,1997.436,5609.436
"LSCFS_2015_1","A","CCA9",2016-03-26,86,7825.356,5037.658,17900.672,4.960652,7.280674,19.522,6612.024,12053.158,30718.34
"LSCFS_2015_1","B","CCA10",2016-04-20,111,5810.805,9880.325,25571.455,11.531052,18.658474,48.848,999.492,14458.75,29916.992
"LSCFS_2015_1","B","CCA4",2015-07-20,201,16386.678,7332.514,31051.706,14.396666256,15.978666872,46.354,6150.72,8544.186,23239.092
"LSCFS_2015_1","B","CCA5",2015-08-12,224,17045.028,8756.6795,34558.387,12.0336876,13.7631562,39.56,8687.892,13552.826,35793.544
"LSCFS_2015_1","B","CCA6",2015-09-11,254,13442.121,7489.297,28420.715,16.365815136,15.424092432,47.214,4997.46,6449.656,17896.772
"LSCFS_2015_1","B","CCA7",2015-10-07,280,9762.291,13420.7755,36603.842,14.87801376,16.16799312,47.214,0,9349.06,18698.12
"LSCFS_2015_1","B","CCA8",2015-10-23,296,5771.997,8000.0045,21772.006,17.853616512,19.367191744,56.588,1230.144,5929.27,13088.684
"LSCFS_2015_1","B","CCA9",2016-03-26,86,4532.22,6282.3235,17096.867,4.862096,19.670952,44.204,2460.288,10122.286,22704.86
"LSCFS_2015_1","C","CCA10",2016-04-20,111,Inf,-Inf,-Inf,Inf,-Inf,-Inf,Inf,-Inf,-Inf
"LSCFS_2015_1","C","CCA4",2015-07-20,201,12551.616,8482.836,29517.288,5.557375728,9.863312136,25.284,7611.516,13823.898,35259.312
"LSCFS_2015_1","C","CCA5",2015-08-12,224,9839.907,10021.017,29881.941,3.194397072,9.883801464,22.962,8841.66,14277.29,37396.24
"LSCFS_2015_1","C","CCA6",2015-09-11,254,9839.907,4359.093,18558.093,3.019361616,1.457319192,5.934,6919.56,8560.44,24040.44
"LSCFS_2015_1","C","CCA7",2015-10-07,280,6663.195,2951.805,12566.805,5.732411184,2.766794408,11.266,2537.172,3138.828,8814.828
"LSCFS_2015_1","C","CCA8",2015-10-23,296,6779.619,3003.381,12786.381,10.020779856,4.836610072,19.694,1307.028,1616.972,4540.972
"LSCFS_2015_1","C","CCA9",2016-03-26,86,Inf,-Inf,-Inf,Inf,-Inf,-Inf,Inf,-Inf,-Inf
"LSCFS_2015_1","D","CCA10",2016-04-20,111,348.579,8885.181,18118.941,6.537548,14.189226,34.916,0,14557.822,29115.644
"LSCFS_2015_1","D","CCA4",2015-07-20,201,14527.359,7640.695,29808.749,14.484183984,8.538908008,31.562,5612.532,14155.6,33923.732
"LSCFS_2015_1","D","CCA5",2015-08-12,224,13713.777,8230.466,30174.709,10.808439408,8.269780296,27.348,6842.676,17413.71,41670.096
"LSCFS_2015_1","D","CCA6",2015-09-11,254,12474,7206.1485,26886.297,13.258935792,7.947532104,29.154,4766.808,9503.258,23773.324
"LSCFS_2015_1","D","CCA7",2015-10-07,280,11466.378,8331.438,28129.254,17.547304464,8.942347768,35.432,2690.94,3462.618,9616.176
"LSCFS_2015_1","D","CCA8",2015-10-23,296,12047.805,5483.579,23014.963,19.25390016,12.13104992,43.516,2229.636,5295.966,12821.568
"LSCFS_2015_1","D","CCA9",2016-03-26,86,619.542,9736.4845,20092.511,6.603252,7.319374,21.242,0,19900.142,39800.284
"LSCFS_2015_1","E","CCA10",2016-04-20,111,14372.127,16814.3775,48000.882,10.84116,9.93042,30.702,3382.896,6589.148,16561.192
"LSCFS_2015_1","E","CCA4",2015-07-20,201,13054.734,10897.557,34849.848,5.601134592,11.088432704,27.778,5074.344,13890.462,32855.268
"LSCFS_2015_1","E","CCA5",2015-08-12,224,10381.833,8435.212,27252.257,9.101843712,12.305078144,33.712,6842.676,12071.39,30985.456
"LSCFS_2015_1","E","CCA6",2015-09-11,254,8716.554,4116.9645,16950.483,6.257517552,12.867241224,31.992,1307.028,4154.574,9616.176
"LSCFS_2015_1","E","CCA7",2015-10-07,280,8212.743,5209.271,18631.285,8.226666432,14.978666784,38.184,2306.52,8195.8,18698.12
"LSCFS_2015_1","E","CCA8",2015-10-23,296,6779.619,4208.435,15196.489,13.521488976,16.975255512,47.472,1537.68,2169.436,5876.552
"LSCFS_2015_1","E","CCA9",2016-03-26,86,7321.545,9782.376,26886.297,4.500724,9.789638,24.08,6688.908,10412.02,27512.948
"LSCFS_2015_1","F","CCA10",2016-04-20,111,6392.232,3598.3235,13588.879,10.808308,15.751846,42.312,3844.2,11967.932,27780.064
"LSCFS_2015_1","F","CCA4",2015-07-20,201,18013.842,11011.7445,40037.331,3.71950344,9.66424828,23.048,9302.964,13245.29,35793.544
"LSCFS_2015_1","F","CCA5",2015-08-12,224,13790.7,12027.396,37845.492,7.176453696,9.655773152,26.488,10148.688,13623.776,37396.24
"LSCFS_2015_1","F","CCA6",2015-09-11,254,12435.192,14166.376,40767.944,14.921772624,7.288113688,29.498,5074.344,8948.816,22971.976
"LSCFS_2015_1","F","CCA7",2015-10-07,280,15650.712,11353.562,38357.836,13.433971248,10.612014376,34.658,1768.332,7396.43,16561.192
"LSCFS_2015_1","F","CCA8",2015-10-23,296,8483.706,7849.8575,24183.421,15.97198536,10.54700732,37.066,845.724,4118.11,9081.944
"LSCFS_2015_1","F","CCA9",2016-03-26,86,4842.684,12190.918,29224.52,7.72022,7.01889,21.758,4843.692,13204.44,31252.572
"LSCFS_2015_1","G","CCA10",2016-04-20,111,8251.551,6387.7325,21027.016,5.946212,10.313894,26.574,0,8547.712,17095.424
"LSCFS_2015_1","G","CCA4",2015-07-20,201,9723.483,10773.246,31269.975,5.426099136,9.584950432,24.596,1230.144,15679.004,32588.152
"LSCFS_2015_1","G","CCA5",2015-08-12,224,7089.39,9971.6455,27032.681,10.195815312,11.113092344,32.422,0,15092.054,30184.108
"LSCFS_2015_1","G","CCA6",2015-09-11,254,5113.647,9096.3885,23306.424,10.808439408,9.946780296,30.702,4997.46,10322.838,25643.136
"LSCFS_2015_1","G","CCA7",2015-10-07,280,5888.421,12362.0665,30612.554,8.182907568,5.454546216,19.092,2383.404,3749.944,9883.292
"LSCFS_2015_1","G","CCA8",2015-10-23,296,3873.87,7049.3435,17972.557,11.027233728,8.074383136,27.176,1998.984,2473.016,6945.016
"LSCFS_2015_1","G","CCA9",2016-03-26,86,5384.61,12540.78,30466.17,4.59928,9.39636,23.392,5920.068,12265.578,30451.224
"LSCFS_2015_1","H","CCA10",2016-04-20,111,5423.418,6639.876,18703.17,2.79242,8.06379,18.92,2844.708,5522.662,13890.032
"LSCFS_2015_1","H","CCA4",2015-07-20,201,20531.511,11140.944,42813.399,15.665673312,14.140163344,43.946,9072.312,14963.312,38998.936
"LSCFS_2015_1","H","CCA5",2015-08-12,224,17277.183,10357.3465,37991.876,16.453332864,8.887333568,34.228,6688.908,14952.992,36594.892
"LSCFS_2015_1","H","CCA6",2015-09-11,254,11776.842,10258.257,32293.356,15.184325808,10.725837096,36.636,3767.316,5862.706,15492.728
"LSCFS_2015_1","H","CCA7",2015-10-07,280,6972.966,14340.3435,35653.653,9.8457444,18.9421278,47.73,2152.752,3331.038,8814.828
"LSCFS_2015_1","H","CCA8",2015-10-23,296,6159.384,12044.2585,30247.901,13.78404216,18.47797892,50.74,1460.796,5146.154,11753.104
"LSCFS_2015_1","H","CCA9",2016-03-26,86,4261.257,4810.195,13881.647,4.369316,10.285342,24.94,3997.968,8819.214,21636.396
"LSCFS_2015_1","I","CCA10",2016-04-20,111,9219.672,8979.6965,27179.065,8.278704,6.997648,22.274,3382.896,9928.098,23239.092
"LSCFS_2015_1","I","CCA4",2015-07-20,201,13171.158,9268.9845,31709.127,8.839290528,4.954354736,18.748,8687.892,13552.826,35793.544
"LSCFS_2015_1","I","CCA5",2015-08-12,224,10498.257,9436.3235,29370.904,7.395248016,5.633375992,18.662,8611.008,10786.55,30184.108
"LSCFS_2015_1","I","CCA6",2015-09-11,254,7399.161,3971.856,15342.873,7.088935968,9.183532016,25.456,4997.46,7785.236,20567.932
"LSCFS_2015_1","I","CCA7",2015-10-07,280,6895.35,4844.5865,16584.523,11.464822368,9.704588816,30.874,1998.984,3808.596,9616.176
"LSCFS_2015_1","I","CCA8",2015-10-23,296,7282.737,4030.068,15342.873,14.790496032,10.750751984,36.292,2690.94,3596.176,9883.292
"LSCFS_2015_1","I","CCA9",2016-03-26,86,10033.254,6819.565,23672.384,4.073648,4.241176,12.556,9918.036,13338.428,36594.892
"LSCFS_2015_1","J","CCA10",2016-04-20,111,10537.065,4667.935,19872.935,14.651992,11.852004,38.356,6842.676,8465.324,23773.324
"LSCFS_2015_1","J","CCA4",2015-07-20,201,13558.545,9586.328,32731.201,19.210141296,9.959929352,39.13,5304.996,7230.794,19766.584
"LSCFS_2015_1","J","CCA5",2015-08-12,224,12590.424,8755.5465,30101.517,18.685034928,12.458482536,43.602,6073.836,12589.368,31252.572
"LSCFS_2015_1","J","CCA6",2015-09-11,254,15224.517,7255.52,29735.557,17.109715824,12.472142088,42.054,2998.476,4243.756,11485.988
"LSCFS_2015_1","J","CCA7",2015-10-07,280,13752.585,6968.7585,27690.102,20.741701536,12.763149232,46.268,2537.172,7012.01,16561.192
"LSCFS_2015_1","J","CCA8",2015-10-23,296,14914.746,7739.116,30392.978,25.467658848,12.378170576,50.224,1922.1,4915.502,11753.104
"LSCFS_2015_1","J","CCA9",2016-03-26,86,8212.743,3638.257,15489.257,8.475816,6.856092,22.188,7688.4,9511.6,26711.6
"LSCFS_2015_1","K","CCA10",2016-04-20,111,11582.802,8857.455,29297.712,6.997476,12.583262,32.164,0,11352.43,22704.86
"LSCFS_2015_1","K","CCA4",2015-07-20,201,13790.7,8557.311,30905.322,10.195815312,14.338092344,38.872,6996.444,10658.926,28314.296
"LSCFS_2015_1","K","CCA5",2015-08-12,224,9916.83,5196.975,20310.78,9.014325984,12.950837008,34.916,9764.268,12346.848,34457.964
"LSCFS_2015_1","K","CCA6",2015-09-11,254,8716.554,6089.2275,20895.009,9.276879168,13.550560416,36.378,5228.112,7269.236,19766.584
"LSCFS_2015_1","K","CCA7",2015-10-07,280,8329.167,5187.0015,18703.17,11.771134416,13.120432792,38.012,2152.752,4132.386,10417.524
"LSCFS_2015_1","K","CCA8",2015-10-23,296,6314.616,6487.045,19288.706,13.1276592,15.9681704,45.064,1691.448,3294.574,8280.596
"LSCFS_2015_1","K","CCA9",2016-03-26,86,5423.418,4375.4985,14174.415,4.237908,8.502046,21.242,6688.908,8675.766,24040.44
"LSCFS_2015_1","L","CCA10",2016-04-20,111,9529.443,4916.2275,19361.898,13.567876,11.749062,37.066,9456.732,12099.942,33656.616
"LSCFS_2015_1","L","CCA4",2015-07-20,201,13945.932,9137.116,32220.164,14.352907392,10.238546304,34.83,6304.488,13408.948,33122.384
"LSCFS_2015_1","L","CCA5",2015-08-12,224,13442.121,8219.91,29881.941,13.390212384,7.236893808,27.864,8611.008,14392.616,37396.24
"LSCFS_2015_1","L","CCA6",2015-09-11,254,15495.48,7668.325,30832.13,13.390212384,13.686893808,40.764,3152.244,5769.568,14691.38
"LSCFS_2015_1","L","CCA7",2015-10-07,280,12977.811,9438.1965,31854.204,16.84716264,12.77541868,42.398,3767.316,5729.148,15225.612
"LSCFS_2015_1","L","CCA8",2015-10-23,296,13365.198,9390.887,32146.972,19.341417888,14.538291056,48.418,2229.636,3159.038,8547.712
"LSCFS_2015_1","L","CCA9",2016-03-26,86,10227.294,4786.2245,19799.743,8.04874,8.01563,24.08,6996.444,11326.716,29649.876
"LSCFS_2015_2","A","CCA4",2015-07-23,204,17036.019,10309.979,37655.977,12.6251955,18.20215225,49.0295,8429.526,12278.097,32985.72
"LSCFS_2015_2","A","CCA5",2015-08-18,230,15905.736,10440.543,36786.822,14.241220524,15.458889738,45.159,7275.819,10850.804,28977.427
"LSCFS_2015_2","A","CCA6",2015-09-30,273,10422.72,9116.6275,28655.975,12.726197064,7.333401468,27.393,10381.575,13151.6955,36684.966
"LSCFS_2015_2","A","CCA7",2015-10-22,295,13017.312,7424.6175,27866.547,12.019186116,6.992156942,26.0035,1242.213,2769.869,6781.951
"LSCFS_2015_2","A","CCA8",2016-03-24,84,10799.019,10744.5545,32288.128,3.639696,9.593902,22.8275,8606.985,17583.713,43774.411
"LSCFS_2015_2","A","CCA9",2016-04-19,110,6613.299,5890.056,18393.411,9.137249,13.2963755,35.73,9050.409,14279.296,37609.001
"LSCFS_2015_2","B","CCA4",2015-07-23,204,9794.862,8720.202,27235.266,11.867810976,6.075344512,24.0185,7985.655,14966.1965,37918.048
"LSCFS_2015_2","B","CCA5",2015-08-18,230,5525.289,6000.137,17525.563,11.160800028,5.982349986,23.1255,4170.51,9783.5475,23737.605
"LSCFS_2015_2","B","CCA6",2015-09-30,273,4771.998,3139.997,11051.992,6.615729648,4.235135176,15.086,2573.379,12740.0065,28053.392
"LSCFS_2015_2","B","CCA7",2015-10-22,295,3851.001,6324.2835,16499.568,6.110721828,3.892139086,13.895,2573.379,3491.8915,9557.162
"LSCFS_2015_2","C","CCA4",2015-07-22,203,3180.87,16724.556,36629.982,10.1001564,11.6239218,33.348,5945.1,10591.352,27127.804
"LSCFS_2015_2","C","CCA5",2015-08-25,237,5232.15,12975.128,31182.406,9.59514858,8.35317571,26.3015,5767.641,12837.975,31443.591
"LSCFS_2015_2","C","CCA6",2015-09-24,267,4939.011,5069.2705,15077.552,8.93876562,10.12036719,29.1795,7630.737,13756.05,35142.837
"LSCFS_2015_2","C","CCA7",2015-10-22,295,2469.852,6541.0705,15551.993,9.342771876,5.055114062,19.453,798.789,1913.0225,4624.834
"LSCFS_2015_2","C","CCA8",2016-03-23,83,1088.01,955.7775,2999.565,2.995262,3.663369,10.322,1419.672,2681.1395,6781.951
"LSCFS_2015_2","C","CCA9",2016-04-19,110,5064.444,3032.984,11130.412,1.668194,1.994653,5.6575,4613.934,9870.106,24354.146
"LSCFS_2015_2","D","CCA4",2015-07-22,203,12850.299,8455.699,29761.697,11.46380472,8.31209764,28.088,7808.196,11817.6975,31443.591
"LSCFS_2015_2","D","CCA5",2015-08-26,238,15110.172,7207.479,29525.13,10.504162656,5.764668672,22.0335,7453.278,11686.886,30827.05
"LSCFS_2015_2","D","CCA6",2015-09-24,267,8371.44,7655.7,23682.84,9.847779696,7.482360152,24.8125,8695.491,14456.755,37609.001
"LSCFS_2015_2","D","CCA7",2015-10-22,295,6906.438,4874.985,16656.408,9.544775004,8.030862498,25.6065,1597.131,2592.41,6781.951
"LSCFS_2015_2","D","CCA8",2016-03-24,84,962.577,426.423,1815.423,2.198983,1.7787585,5.7565,0,0,0
"LSCFS_2015_2","E","CCA4",2015-07-23,204,16115.022,7415.4085,30945.839,11.514178296,8.237160852,27.9885,3460.674,9521.9245,22504.523
"LSCFS_2015_2","E","CCA5",2015-08-25,237,11552.31,10525.4025,32603.115,11.918184552,7.092407724,26.103,7009.854,13604.474,34218.802
"LSCFS_2015_2","E","CCA6",2015-09-22,265,11594.583,6675.4095,24945.402,9.342771876,7.883864062,25.1105,6477.477,16336.8265,39151.13
"LSCFS_2015_2","E","CCA7",2015-10-21,294,11385.297,6425.202,24235.701,8.787136068,7.268431966,23.324,443.871,1165.67,2775.211
"LSCFS_2015_2","E","CCA8",2016-03-24,84,8203.734,3634.266,15472.266,4.208494,3.404253,11.017,8429.526,10428.474,29286.474
"LSCFS_2015_2","E","CCA9",2016-04-19,110,17370.738,7695.262,32761.262,12.13232,9.81384,31.76,11623.788,14380.212,40384.212
"LSCFS_2015_2","F","CCA4",2015-07-23,204,10548.153,10593.557,31735.267,12.574821924,9.543089038,31.661,7187.313,12436.4095,32060.132
"LSCFS_2015_2","F","CCA5",2015-08-25,237,13310.451,10909.5475,35129.546,7.625745288,6.955877356,21.5375,8163.114,11331.968,30827.05
"LSCFS_2015_2","F","CCA6",2015-09-22,265,11050.578,9000.0555,29050.689,4.54507038,9.29021481,23.1255,9050.409,12275.926,33602.261
"LSCFS_2015_2","F","CCA7",2015-10-21,294,8664.579,5377.4135,19419.406,4.39369524,9.01840238,22.4305,1242.213,2307.8515,5857.916
"LSCFS_2015_2","F","CCA8",2016-03-24,84,1381.149,611.851,2604.851,0.834097,0.6747015,2.1835,2306.967,2854.033,8015.033
"LSCFS_2015_2","F","CCA9",2016-04-19,110,4604.292,2039.708,8683.708,3.29857,2.668215,8.635,5856.147,7244.853,20345.853
"LSCFS_2015_2","G","CCA4",2015-07-22,203,3767.148,9247.4915,22262.131,8.686134504,5.482682748,19.6515,7098.36,11864.345,30827.05
"LSCFS_2015_2","G","CCA5",2015-08-21,233,6655.572,5276.8485,17209.269,9.393145452,7.511177274,24.4155,7542.231,9639.0395,26820.31
"LSCFS_2015_2","G","CCA6",2015-09-23,266,6237,5446.9245,17130.849,9.342771876,7.040114062,23.423,7453.278,11686.886,30827.05
"LSCFS_2015_2","G","CCA7",2015-10-20,293,9250.164,5913.9125,21077.989,10.807167348,5.910916326,22.629,2218.461,8138.8845,18496.23
"LSCFS_2015_2","G","CCA8",2016-03-21,81,1841.994,4684.0725,11210.139,4.170485,4.9615075,14.0935,4968.852,10000.9175,24970.687
"LSCFS_2015_2","G","CCA9",2016-04-18,109,12598.74,10909.899,34418.538,3.601878,5.345061,14.292,11091.411,18191.123,47473.657
"LSCFS_2015_2","H","CCA4",2015-07-21,202,13896.729,6471.9115,26840.552,9.140768748,5.702115626,20.545,7630.737,11598.1565,30827.05
"LSCFS_2015_2","H","CCA5",2015-08-21,233,7702.002,5227.421,18156.844,10.908168912,6.803415544,24.515,6211.065,12307.9925,30827.05
"LSCFS_2015_2","H","CCA6",2015-09-23,266,6697.152,7150.555,20998.262,11.716181424,7.242909288,26.202,7985.655,13733.1145,35451.884
"LSCFS_2015_2","H","CCA7",2015-10-20,293,7325.01,4429.132,16183.274,9.999154836,9.540672582,29.0805,976.248,5985.5565,12947.361
"LSCFS_2015_2","I","CCA4",2015-07-21,202,9040.878,6807.9835,22656.845,7.5751173,10.05794135,27.691,7630.737,13139.509,33909.755
"LSCFS_2015_2","I","CCA5",2015-08-25,237,12850.299,5731.911,24314.121,7.878121992,8.417689004,24.7135,9050.409,13817.2785,36684.966
"LSCFS_2015_2","I","CCA6",2015-09-24,267,9668.736,4796.915,19262.566,6.464100096,5.253949952,16.972,8784.444,11637.844,32060.132
"LSCFS_2015_2","I","CCA7",2015-10-21,294,5860.008,6384.985,18629.978,6.817732776,4.034883612,14.8875,1153.707,2043.834,5241.375
"LSCFS_2015_2","I","CCA8",2016-03-24,84,3306.996,1465.004,6237.004,2.047329,1.6560855,5.3595,4347.969,5379.031,15106.031
"LSCFS_2015_2","I","CCA9",2016-04-18,109,9627.156,4264.844,18156.844,2.995262,2.422869,7.841,10559.034,13062.966,36684.966
"LSCFS_2015_2","J","CCA4",2015-07-21,202,11385.297,6543.4855,24472.268,5.605714008,5.137142996,15.88,10559.034,14758.0655,40075.165
"LSCFS_2015_2","J","CCA5",2015-08-26,238,16659.027,8524.905,33708.837,4.54507038,5.02246481,14.59,6654.936,14860.4915,36375.919
"LSCFS_2015_2","J","CCA6",2015-09-24,267,11887.722,6292.273,24472.268,3.232050048,2.949474976,9.131,10292.622,17203.6885,44699.999
"LSCFS_2015_2","J","CCA7",2015-10-21,294,7659.729,4182.699,16025.127,5.706715572,4.937892214,15.5825,709.836,4577.41,9864.656
"LSCFS_2015_2","J","CCA8",2016-03-24,84,9543.303,4227.697,17998.697,1.819848,1.472076,4.764,9582.786,11855.214,33293.214
"LSCFS_2015_2","J","CCA9",2016-04-18,109,16952.166,7509.834,31971.834,6.82443,5.520285,17.865,10559.034,13062.966,36684.966
"LSCFS_2015_2","K","CCA4",2015-07-22,203,9250.164,6229.553,21709.27,8.029751544,7.299624228,22.629,6832.395,10918.769,28669.933
"LSCFS_2015_2","K","CCA5",2015-08-19,231,5734.575,9566.2035,24866.982,9.494147016,4.731426492,18.957,1686.084,8559.5965,18805.277
"LSCFS_2015_2","K","CCA6",2015-09-23,266,3139.29,1982.781,7104.852,6.514728084,6.965385958,20.4455,0,8323.3035,16646.607
"LSCFS_2015_2","K","CCA7",2015-10-20,293,3851.001,1705.999,7262.999,6.615729648,3.193135176,13.002,976.248,1207.752,3391.752
"LSCFS_2015_2","L","CCA4",2015-07-21,202,9878.022,6349.548,22577.118,8.383129812,11.092935094,30.569,6388.524,9599.352,25587.228
"LSCFS_2015_2","L","CCA5",2015-08-19,231,13435.884,9149.6915,31735.267,12.069814104,11.681342948,35.4325,6300.018,9180.811,24661.64
"LSCFS_2015_2","L","CCA6",2015-09-23,266,10213.434,8116.202,26445.838,11.362803156,12.134098422,35.631,6477.477,10787.9575,28053.392
"LSCFS_2015_2","L","CCA7",2015-10-20,293,6613.299,7627.059,21867.417,9.746778132,16.515110934,42.777,1597.131,2284.1395,6165.41
"LSCFS_2015_2","L","CCA8",2016-03-21,81,13603.59,6026.41,25656.41,9.023413,7.2990435,23.6215,11978.706,14819.294,41617.294
"LSCFS_2015_2","L","CCA9",2016-04-18,109,8790.012,3893.988,16577.988,7.772363,6.2870685,20.3465,443.871,549.129,1542.129
"LSCFS_2016_1","A","CCA3",2016-07-25,207,21724.164,11478.469,44681.102,9.342771876,8.231114062,25.805,5945.1,11824.434,29593.968
"LSCFS_2016_1","A","CCA4",2016-08-26,239,6110.874,6338.6255,18788.125,9.94878126,7.28310937,24.515,177.459,11933.82,24045.099
"LSCFS_2016_1","A","CCA5",2016-09-28,272,3683.295,5263.2045,14209.704,1.01001564,6.98849218,14.987,177.459,4381.581,8940.621
"LSCFS_2016_1","A","CCA6",2016-10-17,291,2134.44,7655.698,17445.836,1.212018768,6.936990616,15.086,266.412,12968.6785,26203.769
"LSCFS_2016_1","A","CCA7",2017-03-09,68,20677.734,9160.266,38998.266,7.979123556,3.851188222,15.6815,13664.343,16904.657,47473.657
"LSCFS_2016_1","A","CCA8",2017-04-12,102,23146.893,10254.107,43655.107,7.393228,5.980386,19.354,9937.704,12294.296,34526.296
"LSCFS_2016_1","B","CCA3",2016-07-28,210,10966.725,11252.7725,33472.27,5.807717136,6.276891432,18.3615,9316.821,15070.9015,39458.624
"LSCFS_2016_1","B","CCA4",2016-08-25,238,6613.299,12205.48,31024.259,8.888137632,8.011931184,24.912,8074.608,9989.392,28053.392
"LSCFS_2016_1","B","CCA5",2016-09-27,271,4604.292,5789.491,16183.274,7.019735904,7.308382048,21.6365,0,8323.3035,16646.607
"LSCFS_2016_1","B","CCA6",2016-10-17,291,6613.299,4745.7775,16104.854,7.878121992,6.134939004,20.148,4525.428,7601.942,19729.312
"LSCFS_2016_1","B","CCA7",2017-03-07,66,3725.568,14912.561,33550.69,3.585682728,2.623908636,8.8335,3993.051,21278.2855,46549.622
"LSCFS_2016_1","B","CCA8",2017-04-12,102,8539.146,8005.771,24550.688,0,2.48125,4.9625,1419.672,17786.394,36992.46
"LSCFS_2016_1","C","CCA3",2016-07-28,210,15068.592,11924.9735,38918.539,6.666103224,7.038698388,20.7435,8429.526,15206.2785,38842.083
"LSCFS_2016_1","C","CCA4",2016-08-25,238,11050.578,11408.203,33866.984,7.07010948,7.43219526,21.9345,9582.786,12009.7375,33602.261
"LSCFS_2016_1","C","CCA5",2016-09-27,271,10087.308,5771.771,21630.85,6.363098532,9.423200734,25.2095,2661.885,7300.6315,17263.148
"LSCFS_2016_1","C","CCA6",2016-10-17,291,8120.574,4267.917,16656.408,14.089845384,6.899827308,27.8895,5945.1,11207.893,28360.886
"LSCFS_2016_1","C","CCA7",2017-03-07,66,13980.582,6627.342,27235.266,11.211173604,5.758663198,22.7285,11357.376,15900.247,43157.87
"LSCFS_2016_1","C","CCA8",2017-04-12,102,3097.71,5595.207,14288.124,5.004582,4.792709,14.59,0,9864.656,19729.312
"LSCFS_2016_1","D","CCA3",2016-07-29,211,14399.154,7128.4105,28655.975,3.181676472,12.254661764,27.691,8606.985,14347.261,37301.507
"LSCFS_2016_1","D","CCA4",2016-08-25,238,12473.307,5960.2705,24393.848,5.151079764,13.800710118,32.7525,8340.573,12476.3205,33293.214
"LSCFS_2016_1","D","CCA5",2016-09-26,270,5399.856,3536.4225,12472.701,3.484681164,13.145159418,29.775,3815.592,6723.778,17263.148
"LSCFS_2016_1","D","CCA6",2016-10-19,293,7325.01,4113.4915,15551.993,3.3836796,10.0694102,23.5225,3638.133,9895.2125,23428.558
"LSCFS_2016_1","D","CCA7",2017-03-07,66,8957.718,4955.067,18867.852,5.605714008,8.164392996,21.9345,7542.231,13338.2855,34218.802
"LSCFS_2016_1","D","CCA8",2017-04-13,103,18166.302,8758.0525,35682.407,0,3.7715,7.543,8961.903,17097.9835,43157.87
"LSCFS_2016_1","E","CCA3",2016-07-29,211,18124.029,13121.043,44366.115,4.747073508,5.516963246,15.781,8518.032,12387.591,33293.214
"LSCFS_2016_1","E","CCA4",2016-08-25,238,16617.447,9019.4825,34656.412,4.494696804,4.402401598,13.2995,3283.215,10227.195,23737.605
"LSCFS_2016_1","E","CCA5",2016-09-26,270,9250.164,5519.1985,20288.561,3.484681164,2.376659418,8.238,0,7398.492,14796.984
"LSCFS_2016_1","E","CCA6",2016-10-18,292,4729.725,4898.1365,14525.998,4.999704624,3.802647688,12.605,3726.639,8926.148,21578.935
"LSCFS_2016_1","E","CCA7",2017-03-07,66,9292.437,6563.9205,22420.278,1.666653012,4.178923494,10.0245,8074.608,13072.097,34218.802
"LSCFS_2016_1","E","CCA8",2017-04-13,103,15989.589,9293.548,34576.685,1.061578,1.354961,3.7715,8429.526,17980.713,44390.952
"LSCFS_2016_1","F","CCA3",2016-07-25,207,10505.88,6470.1965,23446.273,0.909014076,1.232742962,3.3745,7630.737,11906.427,31443.591
"LSCFS_2016_1","F","CCA4",2016-08-26,239,11301.444,6782.769,24866.982,1.060643628,4.630678186,10.322,7187.313,11049.5805,29286.474
"LSCFS_2016_1","F","CCA5",2016-09-28,272,4981.284,4061.349,13103.982,0.202003128,3.868998436,7.94,3460.674,5359.8845,14180.443
"LSCFS_2016_1","F","CCA6",2016-10-17,291,6446.286,3763.4255,13973.137,1.111017204,3.414491398,7.94,3815.592,6261.7605,16339.113
"LSCFS_2016_1","F","CCA7",2017-03-09,68,8329.86,4084.854,16499.568,0,5.3595,10.719,5856.147,9865.5405,25587.228
"LSCFS_2016_1","F","CCA8",2017-04-12,102,9459.45,12953.3315,35366.113,0.038009,2.9584955,5.955,6122.559,12660.516,31443.591
"LSCFS_2016_1","G","CCA3",2016-07-28,210,9627.156,7738.1965,25103.549,4.848075072,5.069462464,14.987,5057.805,12730.8755,30519.556
"LSCFS_2016_1","G","CCA4",2016-08-24,237,2720.718,6731.278,16183.274,4.747073508,6.410213246,17.5675,4613.934,10794.9175,26203.769
"LSCFS_2016_1","G","CCA5",2016-09-26,270,1465.002,648.998,2762.998,8.93876562,4.31436719,17.5675,266.412,329.588,925.588
"LSCFS_2016_1","G","CCA6",2016-10-19,293,1130.283,500.717,2131.717,8.93876562,4.31436719,17.5675,976.248,1207.752,3391.752
"LSCFS_2016_1","G","CCA7",2017-03-06,65,5901.588,2614.412,11130.412,4.444068816,2.144965592,8.734,4968.852,6147.148,17263.148
"LSCFS_2016_1","G","CCA8",2017-04-11,101,9334.017,4134.983,17603.983,0,0,0,9139.362,11306.638,31752.638
"LSCFS_2016_1","H","CCA3",2016-07-28,210,8036.721,9599.2725,27235.266,4.89870306,6.28464847,17.468,0,14180.443,28360.886
"LSCFS_2016_1","H","CCA4",2016-08-24,237,3223.143,11019.2765,25261.696,6.615729648,6.716385176,20.0485,7187.313,11666.1215,30519.556
"LSCFS_2016_1","H","CCA5",2016-09-26,270,6948.018,6196.484,19340.986,6.666103224,6.244698388,19.1555,3194.262,7188.9665,17572.195
"LSCFS_2016_1","H","CCA6",2016-10-18,292,6906.438,4441.061,15788.56,10.908168912,9.830415544,30.569,2484.426,4614.9265,11714.279
"LSCFS_2016_1","H","CCA7",2017-03-06,65,10505.88,5917.3355,22340.551,4.242065688,6.116717156,16.4755,11889.753,15325.788,42541.329
"LSCFS_2016_1","H","CCA8",2017-04-11,101,4269.573,2167.8575,8605.288,1.630376,1.914312,5.459,0,6628.204,13256.408
"LSCFS_2016_1","I","CCA3",2016-07-26,208,11761.596,7105.554,25972.704,6.363098532,4.857700734,16.0785,7808.196,10430.8685,28669.933
"LSCFS_2016_1","I","CCA4",2016-08-26,239,9334.017,5161.6315,19657.28,9.140768748,6.744115626,22.629,5323.77,9360.6645,24045.099
"LSCFS_2016_1","I","CCA5",2016-09-28,272,5022.864,6290.5595,17603.983,9.039767184,5.405116408,19.85,3283.215,7606.5075,18496.23
"LSCFS_2016_1","I","CCA6",2016-10-18,292,5860.008,5122.423,16104.854,10.201157964,6.759921018,23.721,5235.264,7401.5475,20038.359
"LSCFS_2016_1","I","CCA7",2017-03-08,67,14022.162,9330.34,32682.842,4.191692112,7.928403944,20.0485,10204.116,13085.9015,36375.919
"LSCFS_2016_1","I","CCA8",2017-04-11,101,21096.306,9543.051,40182.408,0,1.7865,3.573,3549.18,11635.565,26820.31
"LSCFS_2016_1","J","CCA3",2016-07-26,208,8329.86,9294.556,26918.972,5.100706188,4.992646906,15.086,6033.606,11780.181,29593.968
"LSCFS_2016_1","J","CCA4",2016-08-26,239,6069.294,9122.4135,24314.121,6.161095404,8.333202298,22.8275,3993.051,12492.188,28977.427
"LSCFS_2016_1","J","CCA5",2016-09-28,272,2804.571,3649.923,10104.417,3.080674908,9.774162546,22.629,2484.426,9701.778,21887.982
"LSCFS_2016_1","J","CCA6",2016-10-18,292,3348.576,5193.997,13736.57,4.89870306,8.17039847,21.2395,1952.049,5497.656,12947.361
"LSCFS_2016_1","J","CCA7",2017-03-08,67,3976.434,11590.206,27156.846,7.120737468,4.280381266,15.6815,4347.969,20946.303,46240.575
"LSCFS_2016_1","J","CCA8",2017-04-11,101,6906.438,9611.553,26129.544,0.417144,1.974928,4.367,8340.573,20645.877,49632.327
"LSCFS_2016_1","K","CCA3",2016-07-27,209,12222.441,11492.7625,35207.966,6.211723392,4.983138304,16.178,7187.313,10278.516,27744.345
"LSCFS_2016_1","K","CCA4",2016-08-24,237,8496.873,6290.558,21077.989,11.312175168,6.948662416,25.2095,6743.442,11116.9925,28977.427
"LSCFS_2016_1","K","CCA5",2016-09-26,270,7031.871,4022.8405,15077.552,8.888137632,5.282431184,19.453,2573.379,9811.0485,22195.476
"LSCFS_2016_1","K","CCA6",2016-10-18,292,6487.866,5281.628,17051.122,8.888137632,5.530681184,19.9495,4259.016,5885.525,16030.066
"LSCFS_2016_1","K","CCA7",2017-03-06,65,7952.868,3523.132,14999.132,5.201707752,2.510646124,10.223,10292.622,12733.378,35759.378
"LSCFS_2016_1","K","CCA8",2017-04-11,101,18375.588,8140.412,34656.412,0.379135,0.3066825,0.9925,13309.425,16465.575,46240.575
"LSCFS_2016_1","L","CCA3",2016-07-27,209,10296.594,7995.5485,26287.691,3.636056304,5.278471848,14.193,4880.346,12665.0815,30210.509
"LSCFS_2016_1","L","CCA4",2016-08-24,237,11594.583,7228.2705,26051.124,5.858090712,10.221704644,26.3015,5412.723,12861.687,31136.097
"LSCFS_2016_1","L","CCA5",2016-09-26,270,5776.155,5400.9165,16577.988,4.141064124,9.938717938,24.0185,0,3390.9755,6781.951
"LSCFS_2016_1","L","CCA6",2016-10-18,292,2636.865,5668.136,13973.137,2.171660832,10.526419584,23.2245,2306.967,6399.532,15106.031
"LSCFS_2016_1","L","CCA7",2017-03-06,65,4729.725,2095.275,8920.275,11.564806284,5.581846858,22.7285,0,0,0
"LSCFS_2016_1","L","CCA8",2017-04-11,101,1004.85,445.15,1895.15,6.104169,4.9376655,15.9795,1419.672,1756.328,4932.328
"LSCFS_2016_2","A","CCA3",2016-07-25,207,4029.102,3136.336,10301.774,17.678581056,9.865709472,37.41,5458.764,11961.998,29382.76
"LSCFS_2016_2","A","CCA4",2016-08-15,228,3990.294,2644.0495,9278.393,20.260354032,10.509822984,41.28,4613.04,11449.954,27512.948
"LSCFS_2016_2","A","CCA5",2016-09-14,258,1820.511,1720.082,5260.675,13.915318752,11.360340624,36.636,5074.344,6945.446,18965.236
"LSCFS_2016_2","A","CCA6",2016-10-04,278,2285.514,1779.695,5844.904,15.621914448,13.904042776,43.43,5920.068,8525.954,22971.976
"LSCFS_2016_2","A","CCA7",2016-10-28,302,5810.805,5752.1655,17315.136,12.733829424,16.036085288,44.806,461.304,1772.718,4006.74
"LSCFS_2016_2","A","CCA8",2017-03-07,66,8251.551,14796.9705,37845.492,7.263971424,12.020014288,31.304,6073.836,12455.81,30985.456
"LSCFS_2016_2","A","CCA9",2017-04-05,95,15727.635,14054.5725,43836.78,3.843684,8.527158,20.898,7688.4,11247.854,30184.108
"LSCFS_2016_2","B","CCA3",2016-07-25,207,20918.898,10546.0015,42010.901,15.490637856,8.164681072,31.82,6765.792,11308.484,29382.76
"LSCFS_2016_2","B","CCA4",2016-08-15,228,21577.248,9705.136,40987.52,20.479148352,10.400425824,41.28,7534.632,13194.55,33923.732
"LSCFS_2016_2","B","CCA5",2016-09-14,258,11931.381,6491.3265,24914.034,19.997800848,11.587099576,43.172,3229.128,14011.722,31252.572
"LSCFS_2016_2","B","CCA6",2016-10-04,278,14488.551,7988.8095,30466.17,20.829219264,13.321390368,47.472,4074.852,5976.054,16026.96
"LSCFS_2016_2","B","CCA7",2016-10-28,302,10963.26,6134.986,23233.232,17.72233992,10.74683004,39.216,230.652,4959.878,10150.408
"LSCFS_2016_2","B","CCA8",2017-03-07,66,17277.183,11234.3435,39745.87,11.070992592,9.170503704,29.412,10071.804,14597.124,39266.052
"LSCFS_2016_2","B","CCA9",2017-04-05,95,31068.576,23443.7195,77956.015,5.979064,9.996468,25.972,12762.744,17124.836,47012.416
"LSCFS_2016_2","C","CCA3",2016-07-25,207,3486.483,2494.0525,8474.588,11.114751456,13.018624272,37.152,3997.968,8819.214,21636.396
"LSCFS_2016_2","C","CCA4",2016-08-15,228,3447.675,2184.746,7817.167,18.291205152,14.762397424,47.816,4382.388,6890.75,18163.888
"LSCFS_2016_2","C","CCA5",2016-09-14,258,1394.316,1713.6035,4821.523,13.040141472,10.292929264,33.626,1768.332,2721.9,7212.132
"LSCFS_2016_2","C","CCA6",2016-10-04,278,2324.322,1504.7725,5333.867,13.302694656,13.128652672,39.56,4997.46,6449.656,17896.772
"LSCFS_2016_2","C","CCA7",2016-10-28,302,3486.483,3991.8745,11470.232,13.740283296,13.511858352,40.764,538.188,665.812,1869.812
"LSCFS_2016_2","C","CCA8",2017-03-07,66,1588.356,8411.6765,18411.709,4.332127536,13.571936232,31.476,768.84,10300.22,21369.28
"LSCFS_2016_2","C","CCA9",2017-04-05,95,15727.635,6967.365,29662.365,6.438992,5.208504,16.856,5612.532,6943.468,19499.468
"LSCFS_2016_2","D","CCA3",2016-07-25,207,19640.313,12426.944,44494.201,13.652765568,7.406617216,28.466,7765.284,13747.014,35259.312
"LSCFS_2016_2","D","CCA4",2016-08-15,228,20725.551,11153.712,43032.975,16.934680368,8.302659816,33.54,8149.704,13287.688,34725.08
"LSCFS_2016_2","D","CCA5",2016-09-14,258,13558.545,7175.5665,27909.678,19.997800848,15.027099576,50.052,4305.504,5460.054,15225.612
"LSCFS_2016_2","D","CCA6",2016-10-04,278,14372.127,7462.7925,29297.712,20.172836304,11.800581848,43.774,4074.852,9181.446,22437.744
"LSCFS_2016_2","D","CCA7",2016-10-28,302,10924.452,8784.7275,28493.907,17.547304464,13.672347768,44.892,0,2804.718,5609.436
"LSCFS_2016_2","D","CCA8",2017-03-07,66,15921.675,8185.8405,32293.356,7.526524608,14.812737696,37.152,9149.196,12520.826,34190.848
"LSCFS_2016_2","D","CCA9",2017-04-05,95,12279.96,17166.444,46612.848,2.759568,8.295216,19.35,0,19365.91,38731.82
"LSCFS_2016_2","E","CCA3",2016-07-25,207,4416.489,4330.6765,13077.842,14.177871936,7.617064032,29.412,8226.588,11379.434,30985.456
"LSCFS_2016_2","E","CCA4",2016-08-15,228,4377.681,2268.0295,8913.74,13.915318752,10.844340624,35.604,7227.096,12680.528,32588.152
"LSCFS_2016_2","E","CCA5",2016-09-14,258,2285.514,2473.712,7232.938,19.603971072,13.375014464,46.354,4997.46,8052.352,21102.164
"LSCFS_2016_2","E","CCA6",2016-10-04,278,3293.136,2298.6115,7890.359,19.47269448,13.35465276,46.182,6458.256,10260.23,26978.716
"LSCFS_2016_2","E","CCA7",2016-10-28,302,3641.715,6398.8655,16439.446,20.304112896,14.486943552,49.278,1998.984,3407.922,8814.828
"LSCFS_2016_2","E","CCA8",2017-03-07,66,24870.384,11017.616,46905.616,14.265389664,6.885305168,28.036,9149.196,11318.804,31786.804
"LSCFS_2016_2","E","CCA9",2017-04-05,95,30138.57,13351.43,56841.43,6.24188,5.04906,16.34,8918.544,11033.456,30985.456
"LSCFS_2016_2","F","CCA3",2016-07-25,207,15534.288,6881.712,29297.712,14.265389664,12.776305168,39.818,7227.096,10410.042,28047.18
"LSCFS_2016_2","F","CCA4",2016-08-15,228,19563.39,9141.051,37845.492,20.960495856,19.533752072,60.028,7380.864,9798.926,26978.716
"LSCFS_2016_2","F","CCA5",2016-09-14,258,11466.378,7564.229,26594.836,19.954041984,17.929979008,55.814,5689.416,10110.418,25910.252
"LSCFS_2016_2","F","CCA6",2016-10-04,278,14139.972,7395.89,28931.752,22.579573824,16.703213088,55.986,5228.112,8471.258,22170.628
"LSCFS_2016_2","F","CCA7",2016-10-28,302,12241.152,7870.859,27982.87,17.240992416,17.394503792,52.03,1307.028,2418.32,6143.668
"LSCFS_2016_2","F","CCA8",2017-03-07,66,8948.709,17151.921,43252.551,12.821347152,9.112326424,31.046,461.304,20337.28,41135.864
"LSCFS_2016_2","F","CCA9",2017-04-05,95,9258.48,29746.167,68750.814,5.880508,7.551746,20.984,1998.984,20636.904,43272.792
"LSCFS_2016_2","G","CCA3",2016-07-25,207,5655.573,2688.407,11032.387,7.526524608,11.931737696,31.39,8226.588,11512.992,31252.572
"LSCFS_2016_2","G","CCA4",2016-08-15,228,3718.638,2706.6855,9132.009,15.359361264,12.659319368,40.678,6842.676,11403.6,29649.876
"LSCFS_2016_2","G","CCA5",2016-09-14,258,2130.975,1016.5635,4164.102,16.453332864,9.618333568,35.69,3536.664,8114.96,19766.584
"LSCFS_2016_2","G","CCA6",2016-10-04,278,2092.167,3227.8065,8547.78,16.540850592,15.207574704,46.956,5535.648,12324.23,30184.108
"LSCFS_2016_2","G","CCA7",2016-10-28,302,7321.545,4960.1995,17241.944,21.179290176,14.909354912,50.998,768.84,1752.508,4273.856
"LSCFS_2016_2","G","CCA8",2017-03-07,66,17239.068,14139.257,45517.582,8.926808256,10.801595872,30.53,8303.472,13611.478,35526.428
"LSCFS_2016_2","G","CCA9",2017-04-05,95,19059.579,14835.958,48731.495,4.664984,7.170508,19.006,7995.936,12963.898,33923.732
"LSCFS_2016_2","H","CCA3",2016-07-25,207,16464.294,9959.986,36384.266,13.740283296,6.760858352,27.262,7995.936,11895.434,31786.804
"LSCFS_2016_2","H","CCA4",2016-08-15,228,18051.957,8508.7335,35069.424,19.385176752,12.022411624,43.43,7227.096,11077.832,29382.76
"LSCFS_2016_2","H","CCA5",2016-09-14,258,7864.164,4469.9675,16804.099,13.959077616,12.843461192,39.646,3690.432,5233.358,14157.148
"LSCFS_2016_2","H","CCA6",2016-10-04,278,9374.904,4847.113,19069.13,18.947588112,10.564205944,40.076,2460.288,3043.712,8547.712
"LSCFS_2016_2","H","CCA7",2016-10-28,302,6353.424,4092.822,14539.068,14.87801376,10.83599312,36.55,0,1068.464,2136.928
"LSCFS_2016_2","H","CCA8",2017-03-07,66,9258.48,5928.0525,21114.585,9.364396896,4.863801552,19.092,6150.72,8944.86,24040.44
"LSCFS_2016_2","H","CCA9",2017-04-05,95,14604.282,9867.2645,34338.811,2.529604,5.013198,12.556,7688.4,13651.898,34992.196
"LSCFS_2016_2","I","CCA3",2016-07-25,207,4067.91,3409.0465,10886.003,12.208723056,12.471638472,37.152,8072.82,13192.572,34457.964
"LSCFS_2016_2","I","CCA4",2016-08-15,228,2130.975,1601.446,5333.867,25.555176576,15.086411712,55.728,7688.4,10312.948,28314.296
"LSCFS_2016_2","I","CCA5",2016-09-14,258,1394.316,910.452,3215.22,22.273261776,12.212369112,46.698,3844.2,8762.54,21369.28
"LSCFS_2016_2","I","CCA6",2016-10-04,278,2014.551,1184.5635,4383.678,26.999219088,13.547390456,54.094,2537.172,4340.85,11218.872
"LSCFS_2016_2","I","CCA7",2016-10-28,302,5501.034,3057.791,11616.616,26.47411272,14.97094364,56.416,461.304,570.696,1602.696
"LSCFS_2016_2","I","CCA8",2017-03-07,66,7554.393,5282.274,18118.941,19.822765392,11.846617304,43.516,7227.096,10677.158,28581.412
"LSCFS_2016_2","I","CCA9",2017-04-05,95,18362.421,11385.7415,41133.904,5.880508,6.347746,18.576,10302.456,13146.218,36594.892
"LSCFS_2016_2","J","CCA3",2016-07-25,207,20105.316,10587.486,41280.288,17.5035456,9.4372272,36.378,6612.024,12453.832,31519.688
"LSCFS_2016_2","J","CCA4",2016-08-15,228,19524.582,9927.664,39379.91,23.017162464,12.657418768,48.332,5766.3,12743.136,31252.572
"LSCFS_2016_2","J","CCA5",2016-09-14,258,12241.152,6518.7675,25278.687,18.641276064,9.126361968,36.894,3075.36,5273.778,13622.916
"LSCFS_2016_2","J","CCA6",2016-10-04,278,11156.607,7462.9425,26082.492,18.028651968,11.023674016,40.076,4228.62,5364.938,14958.496
"LSCFS_2016_2","J","CCA7",2016-10-28,302,7011.774,4311.9335,15635.641,18.072410832,12.076794584,42.226,0,1068.464,2136.928
"LSCFS_2016_2","J","CCA8",2017-03-07,66,16580.025,7344.975,31269.975,8.489219616,4.097390192,16.684,9456.732,11699.268,32855.268
"LSCFS_2016_2","J","CCA9",2017-04-05,95,29635.452,13128.548,55892.548,4.796392,3.879804,12.556,4997.46,6182.54,17362.54
"LSCFS_2016_2","K","CCA3",2016-07-25,207,2634.093,1860.924,6355.941,7.43900688,11.24449656,29.928,7227.096,10142.926,27512.948
"LSCFS_2016_2","K","CCA4",2016-08-15,228,2092.167,1803.1765,5698.52,14.527942848,7.614028576,29.756,4074.852,8380.098,20835.048
"LSCFS_2016_2","K","CCA5",2016-09-14,258,1549.548,1453.661,4456.87,11.59609896,7.87595052,27.348,4151.736,5536.938,15225.612
"LSCFS_2016_2","K","CCA6",2016-10-04,278,2285.514,2071.8095,6429.133,14.790496032,7.482751984,29.756,2844.708,11265.656,25376.02
"LSCFS_2016_2","K","CCA7",2016-10-28,302,5462.226,6109.435,17681.096,15.796949904,9.043525048,33.884,153.768,457.348,1068.464
"LSCFS_2016_2","K","CCA8",2017-03-07,66,9684.675,4692.2275,19069.13,8.664255072,4.439872464,17.544,8380.356,11569.666,31519.688
"LSCFS_2016_2","K","CCA9",2017-04-05,95,18245.997,12685.6035,43617.204,3.055236,4.320382,11.696,4074.852,10249.91,24574.672
"LSCFS_2016_2","L","CCA3",2016-07-25,207,20492.703,9224.681,38942.065,15.97198536,9.98800732,35.948,7227.096,9608.694,26444.484
"LSCFS_2016_2","L","CCA4",2016-08-15,228,21189.861,9679.907,40549.675,21.266807904,14.650596048,50.568,6996.444,8789.114,24574.672
"LSCFS_2016_2","L","CCA5",2016-09-14,258,13868.316,8116.6005,30101.517,19.516453344,10.537773328,40.592,0,7746.364,15492.728
"LSCFS_2016_2","L","CCA6",2016-10-04,278,12512.808,7004.418,26521.644,20.916736992,11.600631504,44.118,2152.752,7471.336,17095.424
"LSCFS_2016_2","L","CCA7",2016-10-28,302,6585.579,6351.5635,19288.706,19.166382432,11.787808784,42.742,0,0,0
"LSCFS_2016_2","L","CCA8",2017-03-07,66,6042.96,11554.184,29151.328,9.977020992,8.341489504,26.66,3997.968,14695.766,33389.5
"LSCFS_2016_2","L","CCA9",2017-04-05,95,9142.056,28051.0385,65244.133,0,6.106,12.212,0,11753.104,23506.208
